transaction_id,amount,created_at,status,update_at,user_id,order_id,payment_method_id
1,21000.00,2025-07-21 10:40:13.731853,SUCCESSFUL,2025-07-21 10:40:50.937775,1,1,2
2,21000.00,2025-07-21 10:55:24.10116,SUCCESSFUL,2025-07-21 10:55:56.332932,1,2,2
3,21000.00,2025-07-21 11:25:27.392286,PENDING,,1,3,2
4,21000.00,2025-07-21 15:59:16.787157,PENDING,,4,4,2
5,21000.00,2025-07-21 15:59:22.926839,PENDING,,4,5,2
6,21000.00,2025-07-21 15:59:31.015631,PENDING,,4,6,2
7,18000.00,2025-07-21 16:01:14.733004,SUCCESSFUL,2025-07-21 16:06:13.633392,4,7,1
8,300000.00,2025-07-21 16:09:01.625694,SUCCESSFUL,2025-07-21 16:09:28.914213,4,8,1
9,18000.00,2025-07-21 16:36:46.782818,SUCCESSFUL,2025-07-21 16:37:44.508213,4,9,1
10,50000.00,2025-07-21 18:20:59.099747,PENDING,,9,10,1
11,50000.00,2025-07-21 18:26:51.161411,PENDING,,9,11,1
12,50000.00,2025-07-21 18:29:48.238996,PENDING,,9,12,2
13,50000.00,2025-07-21 18:29:54.299389,PENDING,,9,13,2
14,50000.00,2025-07-21 18:29:56.084875,PENDING,,9,14,2
15,50000.00,2025-07-21 18:30:03.656297,PENDING,,9,15,1
16,300000.00,2025-07-21 18:31:28.334536,PENDING,,9,16,1
17,50000.00,2025-07-21 18:34:08.318442,PENDING,,9,17,1
18,20000.00,2025-07-21 18:48:48.554933,PENDING,,9,18,1
19,20000.00,2025-07-21 18:52:28.472113,PENDING,,9,19,1
20,20000.00,2025-07-21 18:56:11.668241,PENDING,,9,20,1
21,20000.00,2025-07-21 18:58:06.593168,PENDING,,9,21,1
22,20000.00,2025-07-21 19:14:55.389807,PENDING,,9,22,1
23,20000.00,2025-07-21 19:16:01.886244,PENDING,,11,23,2
24,20000.00,2025-07-21 19:16:14.470548,FAILED,2025-07-21 19:18:10.078047,11,24,1
25,20000.00,2025-07-21 19:20:01.774543,PENDING,,9,25,1
26,300000.00,2025-07-21 19:21:22.26628,PENDING,,11,26,2
27,300000.00,2025-07-21 19:21:27.677627,PENDING,,11,27,2
28,300000.00,2025-07-21 19:21:31.633044,PENDING,,11,28,2
29,300000.00,2025-07-21 19:21:32.978726,PENDING,,11,29,2
30,300000.00,2025-07-21 19:21:33.500589,PENDING,,11,30,2
31,300000.00,2025-07-21 19:21:33.960061,PENDING,,11,31,2
32,300000.00,2025-07-21 19:21:34.295556,PENDING,,11,32,2
33,300000.00,2025-07-21 19:21:34.715023,PENDING,,11,33,2
34,300000.00,2025-07-21 19:21:35.111028,PENDING,,11,34,2
35,300000.00,2025-07-21 19:21:35.610836,PENDING,,11,35,2
36,300000.00,2025-07-21 19:21:36.039585,PENDING,,11,36,2
37,300000.00,2025-07-21 19:21:36.495725,PENDING,,11,37,2
38,300000.00,2025-07-21 19:21:36.939609,PENDING,,11,38,2
39,300000.00,2025-07-21 19:21:37.493717,PENDING,,11,39,2
40,300000.00,2025-07-21 19:21:38.074619,PENDING,,11,40,2
41,300000.00,2025-07-21 19:21:54.78095,PENDING,,11,41,2
42,300000.00,2025-07-21 19:21:55.225128,PENDING,,11,42,2
43,300000.00,2025-07-21 19:21:55.785876,PENDING,,11,43,2
44,300000.00,2025-07-21 19:21:56.312676,PENDING,,11,44,2
45,300000.00,2025-07-21 19:21:56.870234,PENDING,,11,45,2
46,300000.00,2025-07-21 19:21:57.275065,PENDING,,11,46,2
47,300000.00,2025-07-21 19:22:04.022169,PENDING,,11,47,2
48,300000.00,2025-07-21 19:22:04.490913,PENDING,,11,48,2
49,300000.00,2025-07-21 19:22:04.971667,PENDING,,11,49,2
50,300000.00,2025-07-21 19:22:05.389278,PENDING,,11,50,2
51,300000.00,2025-07-21 19:22:05.701344,PENDING,,11,51,2
52,300000.00,2025-07-21 19:22:06.04434,PENDING,,11,52,2
53,300000.00,2025-07-21 19:22:06.374221,PENDING,,11,53,2
54,300000.00,2025-07-21 19:22:06.759507,PENDING,,11,54,2
55,300000.00,2025-07-21 19:22:07.110169,PENDING,,11,55,2
56,300000.00,2025-07-21 19:22:07.433838,PENDING,,11,56,2
57,300000.00,2025-07-21 19:22:07.771603,PENDING,,11,57,2
58,300000.00,2025-07-21 19:22:08.105482,PENDING,,11,58,2
59,300000.00,2025-07-21 19:22:08.464511,PENDING,,11,59,2
60,300000.00,2025-07-21 19:22:08.79342,PENDING,,11,60,2
61,300000.00,2025-07-21 19:22:09.539241,PENDING,,11,61,2
62,300000.00,2025-07-21 19:22:10.12206,PENDING,,11,62,2
63,300000.00,2025-07-21 19:22:10.450711,PENDING,,11,63,2
64,300000.00,2025-07-21 19:22:10.871317,PENDING,,11,64,2
65,300000.00,2025-07-21 19:22:11.226906,PENDING,,11,65,2
66,300000.00,2025-07-21 19:22:11.669554,PENDING,,11,66,2
67,300000.00,2025-07-21 19:22:12.085756,PENDING,,11,67,2
68,300000.00,2025-07-21 19:22:12.489426,PENDING,,11,68,2
69,300000.00,2025-07-21 19:22:12.877698,PENDING,,11,69,2
70,300000.00,2025-07-21 19:22:13.271645,PENDING,,11,70,2
71,300000.00,2025-07-21 19:22:13.612992,PENDING,,11,71,2
72,300000.00,2025-07-21 19:22:14.016019,PENDING,,11,72,2
73,300000.00,2025-07-21 19:22:14.551189,PENDING,,11,73,2
74,300000.00,2025-07-21 19:22:15.027838,PENDING,,11,74,2
75,300000.00,2025-07-21 19:22:15.430772,PENDING,,11,75,2
76,300000.00,2025-07-21 19:22:15.868489,PENDING,,11,76,2
77,300000.00,2025-07-21 19:22:16.362491,PENDING,,11,77,2
78,300000.00,2025-07-21 19:22:16.826777,PENDING,,11,78,2
79,300000.00,2025-07-21 19:22:17.312996,PENDING,,11,79,2
80,300000.00,2025-07-21 19:22:17.841959,PENDING,,11,80,2
81,300000.00,2025-07-21 19:22:18.426384,PENDING,,11,81,2
82,300000.00,2025-07-21 19:22:18.822298,PENDING,,11,82,2
83,300000.00,2025-07-21 19:22:19.370705,PENDING,,11,83,2
84,300000.00,2025-07-21 19:22:19.851985,PENDING,,11,84,2
85,300000.00,2025-07-21 19:22:20.342467,PENDING,,11,85,2
86,300000.00,2025-07-21 19:22:20.792207,PENDING,,11,86,2
87,300000.00,2025-07-21 19:22:21.293304,PENDING,,11,87,2
88,300000.00,2025-07-21 19:22:21.76288,PENDING,,11,88,2
89,300000.00,2025-07-21 19:22:22.381502,PENDING,,11,89,2
90,300000.00,2025-07-21 19:22:22.924223,PENDING,,11,90,2
91,300000.00,2025-07-21 19:22:23.249429,PENDING,,11,91,2
92,300000.00,2025-07-21 19:22:23.644775,PENDING,,11,92,2
93,20000.00,2025-07-21 19:22:22.229127,PENDING,,9,93,1
94,300000.00,2025-07-21 19:22:24.123041,PENDING,,11,94,2
95,300000.00,2025-07-21 19:22:24.492553,PENDING,,11,95,2
96,300000.00,2025-07-21 19:22:24.831807,PENDING,,11,96,2
97,300000.00,2025-07-21 19:22:25.239885,PENDING,,11,97,2
98,300000.00,2025-07-21 19:22:25.640831,PENDING,,11,98,2
99,300000.00,2025-07-21 19:22:26.043162,PENDING,,11,99,2
100,300000.00,2025-07-21 19:22:26.556448,PENDING,,11,100,2
101,300000.00,2025-07-21 19:22:26.868809,PENDING,,11,101,2
102,300000.00,2025-07-21 19:22:27.204849,PENDING,,11,102,2
103,300000.00,2025-07-21 19:22:27.544953,PENDING,,11,103,2
104,300000.00,2025-07-21 19:22:27.859351,PENDING,,11,104,2
105,300000.00,2025-07-21 19:22:28.165622,PENDING,,11,105,2
106,300000.00,2025-07-21 19:22:28.51114,PENDING,,11,106,2
107,300000.00,2025-07-21 19:22:28.837585,PENDING,,11,107,2
108,300000.00,2025-07-21 19:22:29.548721,PENDING,,11,108,2
109,300000.00,2025-07-21 19:22:30.184084,PENDING,,11,109,2
110,300000.00,2025-07-21 19:22:30.795964,PENDING,,11,110,2
111,300000.00,2025-07-21 19:22:31.121777,PENDING,,11,111,2
112,300000.00,2025-07-21 19:22:31.485063,PENDING,,11,112,2
113,300000.00,2025-07-21 19:22:31.834482,PENDING,,11,113,2
114,300000.00,2025-07-21 19:22:32.378396,PENDING,,11,114,2
115,300000.00,2025-07-21 19:22:32.785952,PENDING,,11,115,2
116,300000.00,2025-07-21 19:22:33.192582,PENDING,,11,116,2
117,300000.00,2025-07-21 19:22:33.568881,PENDING,,11,117,2
118,300000.00,2025-07-21 19:22:33.947438,PENDING,,11,118,2
119,300000.00,2025-07-21 19:22:34.403549,PENDING,,11,119,2
120,300000.00,2025-07-21 19:22:34.786864,PENDING,,11,120,2
121,300000.00,2025-07-21 19:22:35.102325,PENDING,,11,121,2
122,300000.00,2025-07-21 19:22:35.444678,PENDING,,11,122,2
123,300000.00,2025-07-21 19:22:35.922601,PENDING,,11,123,2
124,300000.00,2025-07-21 19:22:36.779341,PENDING,,11,124,2
125,20000.00,2025-07-21 19:23:17.798347,PENDING,,9,125,1
126,20000.00,2025-07-21 19:39:28.716727,PENDING,,9,126,1
127,20000.00,2025-07-21 19:50:40.714282,PENDING,,9,127,1
128,20000.00,2025-07-21 19:51:06.825189,PENDING,,9,128,1
129,50000.00,2025-07-21 21:32:36.127905,SUCCESSFUL,2025-07-21 21:32:56.975433,5,129,1
130,21000.00,2025-07-21 21:34:32.286919,SUCCESSFUL,2025-07-21 21:34:55.567731,5,130,1
131,21000.00,2025-07-21 21:45:55.44447,FAILED,2025-07-21 21:46:04.664938,12,131,2
132,21000.00,2025-07-21 22:33:15.589988,SUCCESSFUL,2025-07-21 22:33:58.629532,12,132,2
133,300000.00,2025-07-21 23:02:23.167211,SUCCESSFUL,2025-07-21 23:03:18.215608,12,133,2
134,21000.00,2025-07-21 23:31:19.746579,SUCCESSFUL,2025-07-21 23:31:46.741387,12,134,2
135,300000.00,2025-07-21 23:32:53.154888,SUCCESSFUL,2025-07-21 23:33:15.391524,12,135,2
136,15000.00,2025-07-21 23:40:37.733233,PENDING,,12,136,2
137,50000.00,2025-07-21 23:42:45.452087,FAILED,2025-07-21 23:42:57.26334,12,137,2
138,50000.00,2025-07-21 23:43:00.614286,SUCCESSFUL,2025-07-21 23:43:20.598113,12,138,2
139,150000.00,2025-07-21 23:48:06.594187,SUCCESSFUL,2025-07-21 23:48:57.345205,6,139,1
140,150000.00,2025-07-21 23:50:31.414081,PENDING,,12,140,2
141,150000.00,2025-07-21 23:50:31.418079,SUCCESSFUL,2025-07-21 23:51:25.777352,12,141,2
142,15000.00,2025-07-21 23:52:02.458657,SUCCESSFUL,2025-07-21 23:52:33.845677,12,142,2
143,150000.00,2025-07-22 00:13:32.40134,SUCCESSFUL,2025-07-22 00:27:00.020729,5,143,1
144,12000.00,2025-07-22 07:59:07.87349,SUCCESSFUL,2025-07-22 07:59:24.914498,6,144,1
145,18000.00,2025-07-22 08:02:46.485267,SUCCESSFUL,2025-07-22 08:03:11.388909,6,145,1
146,18000.00,2025-07-22 08:06:07.463051,SUCCESSFUL,2025-07-22 08:06:38.851798,15,146,2
147,18000.00,2025-07-22 08:09:14.577857,SUCCESSFUL,2025-07-22 08:09:33.758313,6,147,1
148,15000.00,2025-07-22 08:32:44.150855,SUCCESSFUL,2025-07-22 08:33:26.61396,6,148,1
149,150000.00,2025-07-22 08:46:42.38311,SUCCESSFUL,2025-07-22 08:47:32.108514,15,149,2